Metric,Min (ms),Mean (ms),Median (ms),P95 (ms),P99 (ms),Max (ms),StdDev (ms)
Cache Hit,0.315041,0.4380749800000001,0.390708,0.739417,1.857625,1.857625,0.1837273088531468
Cache Miss (Full Validation),1.821916,2.7909137699999995,2.604708,4.066792,11.169916,11.169916,1.1135201529015977
Hash Computation,0.043417,0.05444667999999996,0.049667,0.064709,0.430583,0.430583,0.03991820351490783
Nested Set Query,0.21125,0.26643089999999997,0.261,0.336584,0.496333,0.496333,0.04399831882913255

Cache Speedup Factor,6.37x